,0,1,2,3
0,247317,Bronze,1,eu
1,247244,Bronze,1,eu
2,247114,Bronze,1,eu
3,246926,Bronze,1,eu
4,248196,Bronze,1,eu
5,248110,Bronze,1,eu
6,247977,Bronze,1,eu
7,247843,Bronze,1,eu
8,248636,Bronze,1,eu
9,248536,Bronze,1,eu
10,248376,Bronze,1,eu
11,248244,Bronze,1,eu
12,248406,Bronze,1,eu
13,248859,Bronze,1,eu
14,247326,Bronze,1,eu
15,247203,Bronze,1,eu
16,247077,Bronze,1,eu
17,246986,Bronze,1,eu
18,247553,Bronze,1,eu
19,248205,Bronze,1,eu
20,248063,Bronze,1,eu
21,247853,Bronze,1,eu
22,248651,Bronze,1,eu
23,248489,Bronze,1,eu
24,248389,Bronze,1,eu
25,247214,Bronze,1,eu
26,247053,Bronze,1,eu
27,247756,Bronze,1,eu
28,247671,Bronze,1,eu
29,247561,Bronze,1,eu
30,247436,Bronze,1,eu
31,248165,Bronze,1,eu
32,248072,Bronze,1,eu
33,248623,Bronze,1,eu
34,248344,Bronze,1,eu
35,247162,Bronze,1,eu
36,247636,Bronze,1,eu
37,247445,Bronze,1,eu
38,248144,Bronze,1,eu
39,248020,Bronze,1,eu
40,247939,Bronze,1,eu
41,247829,Bronze,1,eu
42,248583,Bronze,1,eu
43,248454,Bronze,1,eu
44,248782,Bronze,1,eu
45,248229,Bronze,1,eu
46,248850,Bronze,1,eu
47,247356,Bronze,1,eu
48,247291,Bronze,1,eu
49,247030,Bronze,1,eu
50,247648,Bronze,1,eu
51,247511,Bronze,1,eu
52,247410,Bronze,1,eu
53,248156,Bronze,1,eu
54,248041,Bronze,1,eu
55,247897,Bronze,1,eu
56,247788,Bronze,1,eu
57,248596,Bronze,1,eu
58,248428,Bronze,1,eu
59,247253,Bronze,1,eu
60,247133,Bronze,1,eu
61,247744,Bronze,1,eu
62,247605,Bronze,1,eu
63,247527,Bronze,1,eu
64,248120,Bronze,1,eu
65,247907,Bronze,1,eu
66,248675,Bronze,1,eu
67,248870,Bronze,1,eu
68,248443,Bronze,1,eu
69,248328,Bronze,1,eu
70,247151,Bronze,1,eu
71,247106,Bronze,1,eu
72,247722,Bronze,1,eu
73,247489,Bronze,1,eu
74,248136,Bronze,1,eu
75,247861,Bronze,1,eu
76,248823,Bronze,1,eu
77,248398,Bronze,1,eu
78,248558,Bronze,1,eu
79,248276,Bronze,1,eu
80,247346,Bronze,1,eu
81,247222,Bronze,1,eu
82,247687,Bronze,1,eu
83,247499,Bronze,1,eu
84,247400,Bronze,1,eu
85,248084,Bronze,1,eu
86,247987,Bronze,1,eu
87,247870,Bronze,1,eu
88,248835,Bronze,1,eu
89,248419,Bronze,1,eu
90,248291,Bronze,1,eu
91,248258,Bronze,1,eu
92,248513,Bronze,1,eu
93,247332,Bronze,1,eu
94,247234,Bronze,1,eu
95,247089,Bronze,1,eu
96,247694,Bronze,1,eu
97,247589,Bronze,1,eu
98,247457,Bronze,1,eu
99,248214,Bronze,1,eu
100,248097,Bronze,1,eu
101,247945,Bronze,1,eu
102,247837,Bronze,1,eu
103,248528,Bronze,1,eu
104,248496,Bronze,1,eu
105,248363,Bronze,1,eu
106,248265,Bronze,1,eu
107,248757,Bronze,1,eu
108,247302,Bronze,1,eu
109,247098,Bronze,1,eu
110,247765,Bronze,1,eu
111,247657,Bronze,1,eu
112,247572,Bronze,1,eu
113,247467,Bronze,1,eu
114,248172,Bronze,1,eu
115,248051,Bronze,1,eu
116,247959,Bronze,1,eu
117,247821,Bronze,1,eu
118,248610,Bronze,1,eu
119,248504,Bronze,1,eu
120,248223,Bronze,1,eu
121,248712,Bronze,1,eu
122,247312,Bronze,1,eu
123,247178,Bronze,1,eu
124,247779,Bronze,1,eu
125,247664,Bronze,1,eu
126,247536,Bronze,1,eu
127,247430,Bronze,1,eu
128,248181,Bronze,1,eu
129,248027,Bronze,1,eu
130,247915,Bronze,1,eu
131,248617,Bronze,1,eu
132,248885,Bronze,1,eu
133,248335,Bronze,1,eu
134,248464,Bronze,1,eu
135,247363,Bronze,1,eu
136,247278,Bronze,1,eu
137,247197,Bronze,1,eu
138,247061,Bronze,1,eu
139,247737,Bronze,1,eu
140,247630,Bronze,1,eu
141,247546,Bronze,1,eu
142,247414,Bronze,1,eu
143,247924,Bronze,1,eu
144,247799,Bronze,1,eu
145,248568,Bronze,1,eu
146,248476,Bronze,1,eu
147,248353,Bronze,1,eu
148,248316,Bronze,1,eu
149,248735,Bronze,1,eu
150,248800,Bronze,1,eu
151,247374,Bronze,1,eu
152,247286,Bronze,1,eu
153,247611,Bronze,1,eu
154,247421,Bronze,1,eu
155,247998,Bronze,1,eu
156,247885,Bronze,1,eu
157,247814,Bronze,1,eu
158,248549,Bronze,1,eu
159,248748,Bronze,1,eu
160,248809,Bronze,1,eu
161,247338,Bronze,1,eu
162,247038,Bronze,1,eu
163,247004,Bronze,1,eu
164,247707,Bronze,1,eu
165,247624,Bronze,1,eu
166,247519,Bronze,1,eu
167,247387,Bronze,1,eu
168,248011,Bronze,1,eu
169,248660,Bronze,1,eu
170,248704,Bronze,1,eu
171,248774,Bronze,1,eu
172,247263,Bronze,1,eu
173,247022,Bronze,1,eu
174,247719,Bronze,1,eu
175,247584,Bronze,1,eu
176,247478,Bronze,1,eu
177,248129,Bronze,1,eu
178,247965,Bronze,1,eu
179,248688,Bronze,1,eu
180,248720,Bronze,1,eu
181,248309,Bronze,1,eu
182,248791,Bronze,1,eu
183,247674,Bronze,2,eu
184,247600,Bronze,2,eu
185,247492,Bronze,2,eu
186,247458,Bronze,2,eu
187,248792,Bronze,2,eu
188,247693,Bronze,2,eu
189,247659,Bronze,2,eu
190,247473,Bronze,2,eu
191,247940,Bronze,2,eu
192,248612,Bronze,2,eu
193,248807,Bronze,2,eu
194,248263,Bronze,2,eu
195,248882,Bronze,2,eu
196,247296,Bronze,2,eu
197,247090,Bronze,2,eu
198,247957,Bronze,2,eu
199,247918,Bronze,2,eu
200,247817,Bronze,2,eu
201,248498,Bronze,2,eu
202,248764,Bronze,2,eu
203,248220,Bronze,2,eu
204,248834,Bronze,2,eu
205,247311,Bronze,2,eu
206,247281,Bronze,2,eu
207,247065,Bronze,2,eu
208,247772,Bronze,2,eu
209,247528,Bronze,2,eu
210,248179,Bronze,2,eu
211,248355,Bronze,2,eu
212,247185,Bronze,2,eu
213,247727,Bronze,2,eu
214,247545,Bronze,2,eu
215,248468,Bronze,2,eu
216,248310,Bronze,2,eu
217,248854,Bronze,2,eu
218,247364,Bronze,2,eu
219,247039,Bronze,2,eu
220,247714,Bronze,2,eu
221,247417,Bronze,2,eu
222,247988,Bronze,2,eu
223,247803,Bronze,2,eu
224,248545,Bronze,2,eu
225,247334,Bronze,2,eu
226,247268,Bronze,2,eu
227,246989,Bronze,2,eu
228,247623,Bronze,2,eu
229,247385,Bronze,2,eu
230,248009,Bronze,2,eu
231,247968,Bronze,2,eu
232,248691,Bronze,2,eu
233,247325,Bronze,2,eu
234,247115,Bronze,2,eu
235,247009,Bronze,2,eu
236,247581,Bronze,2,eu
237,248203,Bronze,2,eu
238,248638,Bronze,2,eu
239,248744,Bronze,2,eu
240,247558,Bronze,2,eu
241,248656,Bronze,2,eu
242,247201,Bronze,2,eu
243,246929,Bronze,2,eu
244,247847,Bronze,2,eu
245,248378,Bronze,2,eu
246,247213,Bronze,2,eu
247,247051,Bronze,2,eu
248,248065,Bronze,2,eu
249,247835,Bronze,2,eu
250,248239,Bronze,2,eu
251,248721,Bronze,2,eu
252,247438,Bronze,2,eu
253,248138,Bronze,2,eu
254,248042,Bronze,2,eu
255,247136,Bronze,2,eu
256,247026,Bronze,2,eu
257,247752,Bronze,2,eu
258,247641,Bronze,2,eu
259,247509,Bronze,2,eu
260,248154,Bronze,2,eu
261,248594,Bronze,2,eu
262,248331,Bronze,2,eu
263,248420,Bronze,2,eu
264,247250,Bronze,2,eu
265,247157,Bronze,2,eu
266,248113,Bronze,2,eu
267,247904,Bronze,2,eu
268,247864,Bronze,2,eu
269,248561,Bronze,2,eu
270,248284,Bronze,2,eu
271,248442,Bronze,2,eu
272,247348,Bronze,2,eu
273,247230,Bronze,2,eu
274,247102,Bronze,2,eu
275,247405,Bronze,2,eu
276,248088,Bronze,2,eu
277,247879,Bronze,2,eu
278,248525,Bronze,2,eu
279,248393,Bronze,2,eu
280,247170,Silver,1,eu
281,247769,Silver,1,eu
282,247690,Silver,1,eu
283,248194,Silver,1,eu
284,248022,Silver,1,eu
285,248724,Silver,1,eu
286,248327,Silver,1,eu
287,248230,Silver,1,eu
288,248348,Silver,1,eu
289,247403,Silver,1,eu
290,247116,Silver,1,eu
291,247569,Silver,1,eu
292,248200,Silver,1,eu
293,248082,Silver,1,eu
294,247985,Silver,1,eu
295,247916,Silver,1,eu
296,248775,Silver,1,eu
297,248395,Silver,1,eu
298,248491,Silver,1,eu
299,248241,Silver,1,eu
300,248334,Silver,1,eu
301,248661,Silver,1,eu
302,247759,Silver,1,eu
303,247661,Silver,1,eu
304,247525,Silver,1,eu
305,248168,Silver,1,eu
306,248095,Silver,1,eu
307,247877,Silver,1,eu
308,248785,Silver,1,eu
309,248412,Silver,1,eu
310,248502,Silver,1,eu
311,248588,Silver,1,eu
312,248304,Silver,1,eu
313,248630,Silver,1,eu
314,247376,Silver,1,eu
315,247100,Silver,1,eu
316,247841,Silver,1,eu
317,248150,Silver,1,eu
318,248052,Silver,1,eu
319,247891,Silver,1,eu
320,248754,Silver,1,eu
321,248380,Silver,1,eu
322,248601,Silver,1,eu
323,248319,Silver,1,eu
324,248641,Silver,1,eu
325,247440,Silver,1,eu
326,247362,Silver,1,eu
327,247249,Silver,1,eu
328,247811,Silver,1,eu
329,247740,Silver,1,eu
330,247638,Silver,1,eu
331,248061,Silver,1,eu
332,248762,Silver,1,eu
333,248390,Silver,1,eu
334,248475,Silver,1,eu
335,248648,Silver,1,eu
336,248805,Silver,1,eu
337,247454,Silver,1,eu
338,247323,Silver,1,eu
339,247826,Silver,1,eu
340,247801,Silver,1,eu
341,247622,Silver,1,eu
342,248133,Silver,1,eu
343,248026,Silver,1,eu
344,247960,Silver,1,eu
345,248813,Silver,1,eu
346,248534,Silver,1,eu
347,248652,Silver,1,eu
348,248374,Silver,1,eu
349,248444,Silver,1,eu
350,248290,Silver,1,eu
351,248858,Silver,1,eu
352,248707,Silver,1,eu
353,248896,Silver,1,eu
354,247340,Silver,1,eu
355,247211,Silver,1,eu
356,247003,Silver,1,eu
357,247712,Silver,1,eu
358,247580,Silver,1,eu
359,247468,Silver,1,eu
360,248141,Silver,1,eu
361,248046,Silver,1,eu
362,248822,Silver,1,eu
363,248544,Silver,1,eu
364,248625,Silver,1,eu
365,248339,Silver,1,eu
366,248451,Silver,1,eu
367,248251,Silver,1,eu
368,248864,Silver,1,eu
369,248671,Silver,1,eu
370,247423,Silver,1,eu
371,247292,Silver,1,eu
372,247198,Silver,1,eu
373,247669,Silver,1,eu
374,247587,Silver,1,eu
375,248103,Silver,1,eu
376,248510,Silver,1,eu
377,248422,Silver,1,eu
378,248357,Silver,1,eu
379,247937,Silver,1,eu
380,248836,Silver,1,eu
381,248871,Silver,1,eu
382,247412,Silver,1,eu
383,247307,Silver,1,eu
384,247781,Silver,1,eu
385,247679,Silver,1,eu
386,247653,Silver,1,eu
387,247549,Silver,1,eu
388,248206,Silver,1,eu
389,247991,Silver,1,eu
390,248799,Silver,1,eu
391,248521,Silver,1,eu
392,248436,Silver,1,eu
393,248689,Silver,1,eu
394,248404,Silver,1,eu
395,247903,Silver,1,eu
396,248846,Silver,1,eu
397,248732,Silver,1,eu
398,248581,Silver,1,eu
399,248886,Silver,1,eu
400,247149,Silver,1,eu
401,246931,Silver,1,eu
402,247836,Silver,1,eu
403,247555,Silver,1,eu
404,248173,Silver,1,eu
405,248004,Silver,1,eu
406,247909,Silver,1,eu
407,248851,Silver,1,eu
408,248487,Silver,1,eu
409,248703,Silver,1,eu
410,248216,Silver,1,eu
411,248745,Silver,1,eu
412,248552,Silver,1,eu
413,247388,Silver,1,eu
414,247282,Silver,1,eu
415,247071,Silver,1,eu
416,247850,Silver,1,eu
417,247751,Silver,1,eu
418,247631,Silver,1,eu
419,248185,Silver,1,eu
420,247966,Silver,1,eu
421,248224,Silver,1,eu
422,248714,Silver,1,eu
423,248560,Silver,1,eu
424,247264,Silver,1,eu
425,247816,Silver,1,eu
426,247721,Silver,1,eu
427,247538,Silver,1,eu
428,247505,Silver,1,eu
429,248069,Silver,1,eu
430,247975,Silver,1,eu
431,248831,Silver,1,eu
432,248466,Silver,1,eu
433,247858,Silver,1,eu
434,248311,Silver,1,eu
435,248275,Silver,1,eu
436,248680,Silver,1,eu
437,248565,Silver,1,eu
438,248616,Silver,1,eu
439,247353,Silver,1,eu
440,247726,Silver,1,eu
441,247699,Silver,1,eu
442,247603,Silver,1,eu
443,247518,Silver,1,eu
444,248159,Silver,1,eu
445,248037,Silver,1,eu
446,247946,Silver,1,eu
447,247868,Silver,1,eu
448,248878,Silver,1,eu
449,248779,Silver,1,eu
450,248621,Silver,1,eu
451,247229,Silver,1,eu
452,247055,Silver,1,eu
453,247790,Silver,1,eu
454,247610,Silver,1,eu
455,247474,Silver,1,eu
456,248124,Silver,1,eu
457,247953,Silver,1,eu
458,247926,Silver,1,eu
459,248741,Silver,1,eu
460,248458,Silver,1,eu
461,248260,Silver,1,eu
462,248529,Silver,1,eu
463,248365,Silver,1,eu
464,248794,Silver,1,eu
465,247433,Silver,1,eu
466,247333,Silver,1,eu
467,247032,Silver,1,eu
468,247490,Silver,1,eu
469,248114,Silver,1,eu
470,248013,Silver,1,eu
471,248426,Silver,1,eu
472,248554,Silver,1,eu
473,248267,Silver,1,eu
474,248609,Silver,1,eu
475,247390,Silver,2,eu
476,247315,Silver,2,eu
477,248123,Silver,2,eu
478,247908,Silver,2,eu
479,248767,Silver,2,eu
480,247277,Silver,2,eu
481,246933,Silver,2,eu
482,247771,Silver,2,eu
483,247749,Silver,2,eu
484,248519,Silver,2,eu
485,248618,Silver,2,eu
486,248819,Silver,2,eu
487,247365,Silver,2,eu
488,247290,Silver,2,eu
489,247091,Silver,2,eu
490,247994,Silver,2,eu
491,247967,Silver,2,eu
492,247344,Silver,2,eu
493,247237,Silver,2,eu
494,247723,Silver,2,eu
495,247543,Silver,2,eu
496,248469,Silver,2,eu
497,248222,Silver,2,eu
498,247052,Silver,2,eu
499,247608,Silver,2,eu
500,248167,Silver,2,eu
501,247855,Silver,2,eu
502,248268,Silver,2,eu
503,248690,Silver,2,eu
504,247209,Silver,2,eu
505,247697,Silver,2,eu
506,247514,Silver,2,eu
507,247807,Silver,2,eu
508,247018,Silver,2,eu
509,247480,Silver,2,eu
510,248198,Silver,2,eu
511,248023,Silver,2,eu
512,248795,Silver,2,eu
513,248635,Silver,2,eu
514,248571,Silver,2,eu
515,247120,Silver,2,eu
516,248324,Silver,2,eu
517,248248,Silver,2,eu
518,247667,Silver,2,eu
519,247883,Silver,2,eu
520,248417,Silver,2,eu
521,248893,Silver,2,eu
522,248090,Silver,2,eu
523,248054,Silver,2,eu
524,248493,Silver,2,eu
525,248663,Silver,2,eu
526,248387,Silver,2,eu
527,247447,Silver,2,eu
528,247643,Silver,2,eu
529,248869,Silver,2,eu
530,247833,Silver,2,eu
531,248731,Silver,2,eu
532,248449,Silver,2,eu
533,248298,Silver,2,eu
534,248360,Silver,2,eu
535,248839,Silver,2,eu
536,247422,Silver,2,eu
537,248548,Silver,2,eu
538,248597,Silver,2,eu
539,247166,Silver,2,eu
540,247575,Silver,2,eu
541,248139,Silver,2,eu
542,247942,Silver,2,eu
543,248710,Silver,2,eu
544,248338,Silver,2,eu
545,246924,Silver,3,eu
546,247585,Silver,3,eu
547,247554,Silver,3,eu
548,248441,Silver,3,eu
549,248615,Silver,3,eu
550,248503,Silver,3,eu
551,248650,Silver,3,eu
552,247650,Silver,3,eu
553,247124,Silver,3,eu
554,247834,Silver,3,eu
555,248209,Silver,3,eu
556,248830,Silver,3,eu
557,247625,Silver,3,eu
558,248175,Silver,3,eu
559,247984,Silver,3,eu
560,248796,Silver,3,eu
561,247494,Silver,3,eu
562,247952,Silver,3,eu
563,248362,Silver,3,eu
564,247062,Silver,3,eu
565,247863,Silver,3,eu
566,247419,Silver,3,eu
567,247167,Silver,3,eu
568,248014,Silver,3,eu
569,247925,Silver,3,eu
570,247399,Silver,3,eu
571,247770,Silver,3,eu
572,248266,Silver,3,eu
573,248233,Silver,3,eu
574,248686,Silver,3,eu
575,248119,Silver,3,eu
576,247369,Silver,3,eu
577,247274,Silver,3,eu
578,247743,Silver,3,eu
579,248080,Silver,3,eu
580,248333,Silver,3,eu
581,247241,Silver,3,eu
582,247523,Silver,3,eu
583,248861,Silver,3,eu
584,247895,Silver,3,eu
585,248302,Silver,3,eu
586,247342,Silver,3,eu
587,247094,Silver,3,eu
588,248145,Silver,3,eu
589,248394,Silver,3,eu
590,248727,Silver,3,eu
591,247456,Silver,3,eu
592,247210,Silver,3,eu
593,247042,Silver,3,eu
594,248576,Silver,3,eu
595,248473,Silver,3,eu
596,247322,Silver,3,eu
597,247013,Silver,3,eu
598,247713,Silver,3,eu
599,248050,Silver,3,eu
600,247301,Silver,3,eu
601,247804,Silver,3,eu
602,247673,Silver,3,eu
603,248537,Silver,3,eu
604,248758,Silver,3,eu
605,247872,Gold,1,eu
606,248345,Gold,1,eu
607,248183,Gold,1,eu
608,246968,Gold,1,eu
609,247616,Gold,1,eu
610,247418,Gold,1,eu
611,248845,Gold,1,eu
612,248539,Gold,1,eu
613,247647,Gold,3,eu
614,248350,Platinum,1,eu
615,247955,Platinum,1,eu
616,247716,Platinum,1,eu
617,247397,Platinum,1,eu
618,248620,Platinum,1,eu
619,247876,Platinum,1,eu
620,247537,Platinum,1,eu
621,247174,Platinum,1,eu
622,248786,Platinum,1,eu
623,248329,Platinum,1,eu
624,248031,Platinum,1,eu
625,248842,Platinum,1,eu
626,248495,Platinum,1,eu
627,248207,Platinum,1,eu
628,247846,Platinum,1,eu
629,247442,Platinum,1,eu
630,247148,Platinum,1,eu
631,248665,Platinum,1,eu
632,248385,Platinum,1,eu
633,248005,Platinum,1,eu
634,247609,Platinum,1,eu
635,247308,Platinum,1,eu
636,247020,Platinum,1,eu
637,248553,Platinum,1,eu
638,248182,Platinum,1,eu
639,247206,Platinum,1,eu
640,248729,Platinum,1,eu
641,247912,Platinum,1,eu
642,247583,Platinum,1,eu
643,247351,Platinum,1,eu
644,246930,Platinum,1,eu
645,248895,Platinum,1,eu
646,248526,Platinum,1,eu
647,248062,Platinum,1,eu
648,247732,Platinum,1,eu
649,247493,Platinum,1,eu
650,248702,Platinum,1,eu
651,247635,Platinum,1,eu
652,247330,Platinum,1,eu
653,248865,Platinum,1,eu
654,247795,Platinum,1,eu
655,247469,Platinum,1,eu
656,247045,Platinum,1,eu
657,248590,Platinum,1,eu
658,248234,Platinum,1,eu
659,247232,Platinum,1,eu
660,248759,Platinum,1,eu
661,248403,Platinum,1,eu
662,248130,Platinum,1,eu
663,247763,Platinum,1,eu
664,247672,Platinum,1,eu
665,247375,Platinum,1,eu
666,247103,Platinum,1,eu
667,248307,Platinum,1,eu
668,247935,Platinum,1,eu
669,247823,Platinum,1,eu
670,247516,Platinum,1,eu
671,247287,Platinum,1,eu
672,248465,Platinum,1,eu
673,248100,Platinum,1,eu
674,247978,Platinum,1,eu
675,247660,Platinum,1,eu
676,247420,Platinum,1,eu
677,247080,Platinum,1,eu
678,248640,Platinum,1,eu
679,248270,Platinum,1,eu
680,248155,Platinum,1,eu
681,247557,Platinum,1,eu
682,247261,Platinum,1,eu
683,248806,Platinum,1,eu
684,248429,Platinum,1,eu
685,246925,Platinum,2,eu
686,248512,Platinum,2,eu
687,248140,Platinum,2,eu
688,248669,Platinum,2,eu
689,247691,Platinum,2,eu
690,247318,Platinum,2,eu
691,248821,Platinum,2,eu
692,247755,Platinum,2,eu
693,247439,Platinum,2,eu
694,248361,Platinum,2,eu
695,247184,Platinum,2,eu
696,247060,Platinum,2,eu
697,248261,Platinum,2,eu
698,247880,Platinum,2,eu
699,247247,Platinum,2,eu
700,248427,Platinum,2,eu
701,248036,Platinum,2,eu
702,247378,Platinum,2,eu
703,247950,Platinum,2,eu
704,247612,Platinum,2,eu
705,247534,Platinum,2,eu
706,248589,Platinum,2,eu
707,248746,Platinum,2,eu
708,247819,Platinum,2,eu
709,247695,Diamond,1,eu
710,248016,Diamond,1,eu
711,247865,Diamond,1,eu
712,248470,Diamond,1,eu
713,248256,Diamond,1,eu
714,247980,Diamond,1,eu
715,248681,Diamond,1,eu
716,247218,Diamond,1,eu
717,247088,Diamond,1,eu
718,247054,Diamond,1,eu
719,248897,Diamond,1,eu
720,247319,Diamond,1,eu
721,247279,Diamond,1,eu
722,248517,Diamond,1,eu
723,248418,Diamond,1,eu
724,247188,Diamond,1,eu
725,248211,Diamond,1,eu
726,248366,Diamond,1,eu
727,247128,Diamond,1,eu
728,247530,Diamond,1,eu
729,248160,Diamond,1,eu
730,247827,Diamond,1,eu
731,248749,Diamond,1,eu
732,247496,Diamond,1,eu
733,248626,Diamond,1,eu
734,248569,Diamond,1,eu
735,248320,Diamond,1,eu
736,247604,Diamond,1,eu
737,247567,Diamond,1,eu
738,247461,Diamond,1,eu
739,246932,Diamond,1,eu
740,247782,Diamond,1,eu
741,248116,Diamond,1,eu
742,247639,Diamond,1,eu
743,247426,Diamond,1,eu
744,248798,Diamond,1,eu
745,247392,Diamond,1,eu
746,247025,Diamond,1,eu
747,247350,Diamond,1,eu
748,247248,Diamond,1,eu
749,248055,Diamond,1,eu
750,247932,Diamond,1,eu
751,247735,Diamond,1,eu
752,248844,Diamond,1,eu
753,247321,Diamond,2,eu
754,247245,Diamond,2,eu
755,247113,Diamond,2,eu
756,247504,Diamond,2,eu
757,248602,Diamond,2,eu
758,248425,Diamond,2,eu
759,247335,Diamond,2,eu
760,247207,Diamond,2,eu
761,246940,Diamond,2,eu
762,247678,Diamond,2,eu
763,247565,Diamond,2,eu
764,247479,Diamond,2,eu
765,248104,Diamond,2,eu
766,248718,Diamond,2,eu
767,248546,Diamond,2,eu
768,248325,Diamond,2,eu
769,248212,Diamond,2,eu
770,247958,Diamond,2,eu
771,248692,Diamond,2,eu
772,248269,Diamond,2,eu
773,247068,Diamond,2,eu
774,248190,Diamond,2,eu
775,247849,Diamond,2,eu
776,248300,Diamond,2,eu
777,247293,Diamond,2,eu
778,247033,Diamond,2,eu
779,247748,Diamond,2,eu
780,247656,Diamond,2,eu
781,247522,Diamond,2,eu
782,247928,Diamond,2,eu
783,248655,Diamond,2,eu
784,248490,Diamond,2,eu
785,247615,Diamond,2,eu
786,247270,Diamond,2,eu
787,247152,Diamond,2,eu
788,248008,Diamond,2,eu
789,248751,Diamond,2,eu
790,248462,Diamond,2,eu
791,247355,Diamond,2,eu
792,247227,Diamond,2,eu
793,247014,Diamond,2,eu
794,247701,Diamond,2,eu
795,247588,Diamond,2,eu
796,248347,Diamond,2,eu
797,247982,Diamond,2,eu
798,247095,Diamond,2,eu
799,247869,Diamond,2,eu
800,248566,Diamond,2,eu
801,247186,Diamond,2,eu
802,247050,Diamond,2,eu
803,247802,Diamond,2,eu
804,247547,Diamond,2,eu
805,248231,Diamond,2,eu
806,248070,Diamond,2,eu
807,248520,Diamond,2,eu
808,248397,Diamond,2,eu
809,247372,Diamond,2,eu
810,247451,Diamond,2,eu
811,248629,Diamond,2,eu
812,248372,Diamond,2,eu
813,248863,Diamond,2,eu
814,247768,Diamond,2,eu
815,247434,Diamond,2,eu
816,248045,Diamond,2,eu
817,247830,Diamond,2,eu
818,248810,Diamond,2,eu
819,248884,Diamond,2,eu
820,247724,Diamond,2,eu
821,247634,Diamond,2,eu
822,247395,Diamond,2,eu
823,247905,Diamond,2,eu
824,248840,Diamond,2,eu
825,247415,Diamond,2,eu
826,248162,Diamond,2,eu
827,248132,Diamond,2,eu
828,248781,Diamond,2,eu
829,246928,Diamond,3,eu
830,247607,Diamond,3,eu
831,247466,Diamond,3,eu
832,248236,Diamond,3,eu
833,248146,Diamond,3,eu
834,248700,Diamond,3,eu
835,248857,Diamond,3,eu
836,248315,Diamond,3,eu
837,247069,Diamond,3,eu
838,247704,Diamond,3,eu
839,247874,Diamond,3,eu
840,248875,Diamond,3,eu
841,248448,Diamond,3,eu
842,247297,Diamond,3,eu
843,247780,Diamond,3,eu
844,247692,Diamond,3,eu
845,247571,Diamond,3,eu
846,247441,Diamond,3,eu
847,248117,Diamond,3,eu
848,247986,Diamond,3,eu
849,247831,Diamond,3,eu
850,248557,Diamond,3,eu
851,248829,Diamond,3,eu
852,248399,Diamond,3,eu
853,247172,Diamond,3,eu
854,247793,Diamond,3,eu
855,247640,Diamond,3,eu
856,247539,Diamond,3,eu
857,247453,Diamond,3,eu
858,248225,Diamond,3,eu
859,248056,Diamond,3,eu
860,247974,Diamond,3,eu
861,248644,Diamond,3,eu
862,248841,Diamond,3,eu
863,247368,Diamond,3,eu
864,247550,Diamond,3,eu
865,247416,Diamond,3,eu
866,248073,Diamond,3,eu
867,247808,Diamond,3,eu
868,248524,Diamond,3,eu
869,247382,Diamond,3,eu
870,247252,Diamond,3,eu
871,247046,Diamond,3,eu
872,247767,Diamond,3,eu
873,247725,Diamond,3,eu
874,247428,Diamond,3,eu
875,248034,Diamond,3,eu
876,247941,Diamond,3,eu
877,248607,Diamond,3,eu
878,248511,Diamond,3,eu
879,248373,Diamond,3,eu
880,247349,Diamond,3,eu
881,247109,Diamond,3,eu
882,246994,Diamond,3,eu
883,247747,Diamond,3,eu
884,247629,Diamond,3,eu
885,247394,Diamond,3,eu
886,248170,Diamond,3,eu
887,248048,Diamond,3,eu
888,247889,Diamond,3,eu
889,248888,Diamond,3,eu
890,248336,Diamond,3,eu
891,247331,Diamond,3,eu
892,247118,Diamond,3,eu
893,247508,Diamond,3,eu
894,247407,Diamond,3,eu
895,248253,Diamond,3,eu
896,248128,Diamond,3,eu
897,248021,Diamond,3,eu
898,247906,Diamond,3,eu
899,248711,Diamond,3,eu
900,248471,Diamond,3,eu
901,248801,Diamond,3,eu
902,247336,Diamond,3,eu
903,247238,Diamond,3,eu
904,247087,Diamond,3,eu
905,247720,Diamond,3,eu
906,248264,Diamond,3,eu
907,248137,Diamond,3,eu
908,247860,Diamond,3,eu
909,248723,Diamond,3,eu
910,248591,Diamond,3,eu
911,248550,Diamond,3,eu
912,248424,Diamond,3,eu
913,248326,Diamond,3,eu
914,248816,Diamond,3,eu
915,247310,Diamond,3,eu
916,247204,Diamond,3,eu
917,247665,Diamond,3,eu
918,247586,Diamond,3,eu
919,247477,Diamond,3,eu
920,248213,Diamond,3,eu
921,248102,Diamond,3,eu
922,247996,Diamond,3,eu
923,247839,Diamond,3,eu
924,248668,Diamond,3,eu
925,248434,Diamond,3,eu
926,248282,Diamond,3,eu
927,248777,Diamond,3,eu
928,247320,Diamond,3,eu
929,247215,Diamond,3,eu
930,247680,Diamond,3,eu
931,247435,Diamond,3,eu
932,247948,Diamond,3,eu
933,247851,Diamond,3,eu
934,248682,Diamond,3,eu
935,248303,Diamond,3,eu
936,248790,Diamond,3,eu
937,247273,Diamond,3,eu
938,247193,Diamond,3,eu
939,247058,Diamond,3,eu
940,247753,Diamond,3,eu
941,247559,Diamond,3,eu
942,248180,Diamond,3,eu
943,248094,Diamond,3,eu
944,247961,Diamond,3,eu
945,247820,Diamond,3,eu
946,248535,Diamond,3,eu
947,248409,Diamond,3,eu
948,247284,Diamond,3,eu
949,247145,Diamond,3,eu
950,247654,Diamond,3,eu
951,247620,Diamond,3,eu
952,247517,Diamond,3,eu
953,248199,Diamond,3,eu
954,247922,Diamond,3,eu
955,248653,Diamond,3,eu
956,248619,Diamond,3,eu
957,248388,Diamond,3,eu
958,248486,Diamond,3,eu
959,247158,Diamond,3,eu
960,247035,Diamond,3,eu
961,247011,Diamond,3,eu
962,247526,Diamond,3,eu
963,248157,Diamond,3,eu
964,248739,Diamond,3,eu
965,248627,Diamond,3,eu
966,248760,Diamond,3,eu
967,248346,Diamond,3,eu
968,248499,Diamond,3,eu
969,247358,Diamond,3,eu
970,247260,Diamond,3,eu
971,247228,Diamond,3,eu
972,247099,Diamond,3,eu
973,247024,Diamond,3,eu
974,247593,Diamond,3,eu
975,247495,Diamond,3,eu
976,248007,Diamond,3,eu
977,247910,Diamond,3,eu
978,248750,Diamond,3,eu
979,248575,Diamond,3,eu
980,248358,Diamond,3,eu
981,248459,Diamond,3,eu
982,248761,Masters,1,eu
983,247275,Masters,1,eu
984,248017,Masters,1,eu
985,248463,Masters,1,eu
986,247535,Masters,1,eu
987,247037,Masters,1,eu
988,247951,Masters,1,eu
989,246942,Masters,1,eu
990,247360,Masters,1,eu
991,248847,Masters,1,eu
992,248092,Masters,1,eu
993,247314,Masters,1,eu
994,248579,Masters,1,eu
995,247715,Masters,1,eu
996,247153,Masters,1,eu
997,247862,Masters,1,eu
998,247217,Masters,1,eu
999,248283,Masters,1,eu
1000,247427,Masters,1,eu
1001,247777,Masters,1,eu
1002,247485,Masters,1,eu
1003,248176,Masters,1,eu
1004,248658,Masters,1,eu
1005,248340,Masters,1,eu
1006,247081,Masters,1,eu
1007,248343,Masters,2,eu
1008,247730,Masters,2,eu
1009,247224,Masters,2,eu
1010,246941,Masters,2,eu
1011,247444,Masters,2,eu
1012,248667,Masters,2,eu
1013,247943,Masters,2,eu
1014,247875,Masters,3,eu
1015,247154,Masters,3,eu
1016,246927,Masters,3,eu
1017,248289,Masters,3,eu
1018,247662,Masters,3,eu
1019,247219,Masters,3,eu
1020,247041,Masters,3,eu
1021,248684,Masters,3,eu
1022,247265,Masters,3,eu
1023,247104,Masters,3,eu
1024,247191,Masters,3,eu
1025,247233,Masters,3,eu
1026,247096,Masters,3,eu
1027,247175,Masters,3,eu
1028,247056,Masters,3,eu
1029,247123,Masters,3,eu
1030,247205,Masters,3,eu
1031,247048,Masters,3,eu
1032,247007,Masters,3,eu
1033,247243,Masters,3,eu
1034,247111,Masters,3,eu
1035,247074,Masters,3,eu
1036,248083,Masters,3,eu
1037,247199,Masters,3,eu
1038,246990,Masters,3,eu
1039,248485,Masters,3,eu
1040,247236,Masters,3,eu
1041,247063,Masters,3,eu
1042,247256,Masters,3,eu
1043,247144,Masters,3,eu
1044,247031,Masters,3,eu
1045,247212,Masters,3,eu
1046,247086,Masters,3,eu
1047,247251,Masters,3,eu
1048,247161,Masters,3,eu
1049,247023,Masters,3,eu
1050,247483,Masters,3,eu
1051,247223,Masters,3,eu
1052,247542,Grandmaster,1,eu
1053,309573,Bronze,1,us
1054,309402,Bronze,1,us
1055,310078,Bronze,1,us
1056,310002,Bronze,1,us
1057,309902,Bronze,1,us
1058,309874,Bronze,1,us
1059,310488,Bronze,1,us
1060,310373,Bronze,1,us
1061,310239,Bronze,1,us
1062,310893,Bronze,1,us
1063,311138,Bronze,1,us
1064,310753,Bronze,1,us
1065,310634,Bronze,1,us
1066,310778,Bronze,1,us
1067,311371,Bronze,1,us
1068,311212,Bronze,1,us
1069,309637,Bronze,1,us
1070,309961,Bronze,1,us
1071,309887,Bronze,1,us
1072,310592,Bronze,1,us
1073,310451,Bronze,1,us
1074,310331,Bronze,1,us
1075,310248,Bronze,1,us
1076,311383,Bronze,1,us
1077,310843,Bronze,1,us
1078,310647,Bronze,1,us
1079,311159,Bronze,1,us
1080,310761,Bronze,1,us
1081,311226,Bronze,1,us
1082,309732,Bronze,1,us
1083,309645,Bronze,1,us
1084,310156,Bronze,1,us
1085,309971,Bronze,1,us
1086,310550,Bronze,1,us
1087,310457,Bronze,1,us
1088,311396,Bronze,1,us
1089,310859,Bronze,1,us
1090,310983,Bronze,1,us
1091,310607,Bronze,1,us
1092,311109,Bronze,1,us
1093,310720,Bronze,1,us
1094,311178,Bronze,1,us
1095,309740,Bronze,1,us
1096,309719,Bronze,1,us
1097,309607,Bronze,1,us
1098,309538,Bronze,1,us
1099,310169,Bronze,1,us
1100,310035,Bronze,1,us
1101,310559,Bronze,1,us
1102,310528,Bronze,1,us
1103,310417,Bronze,1,us
1104,310943,Bronze,1,us
1105,310614,Bronze,1,us
1106,310737,Bronze,1,us
1107,311422,Bronze,1,us
1108,310126,Bronze,1,us
1109,309951,Bronze,1,us
1110,309925,Bronze,1,us
1111,310538,Bronze,1,us
1112,310426,Bronze,1,us
1113,310291,Bronze,1,us
1114,310686,Bronze,1,us
1115,311201,Bronze,1,us
1116,309799,Bronze,1,us
1117,309696,Bronze,1,us
1118,309587,Bronze,1,us
1119,310006,Bronze,1,us
1120,309934,Bronze,1,us
1121,310499,Bronze,1,us
1122,310303,Bronze,1,us
1123,311447,Bronze,1,us
1124,311021,Bronze,1,us
1125,310812,Bronze,1,us
1126,310906,Bronze,1,us
1127,310697,Bronze,1,us
1128,309709,Bronze,1,us
1129,309597,Bronze,1,us
1130,309564,Bronze,1,us
1131,309478,Bronze,1,us
1132,310019,Bronze,1,us
1133,309893,Bronze,1,us
1134,309807,Bronze,1,us
1135,310404,Bronze,1,us
1136,310261,Bronze,1,us
1137,311170,Bronze,1,us
1138,310920,Bronze,1,us
1139,311236,Bronze,1,us
1140,309757,Bronze,1,us
1141,309657,Bronze,1,us
1142,309490,Bronze,1,us
1143,310085,Bronze,1,us
1144,309816,Bronze,1,us
1145,310585,Bronze,1,us
1146,310471,Bronze,1,us
1147,310388,Bronze,1,us
1148,310998,Bronze,1,us
1149,310870,Bronze,1,us
1150,311189,Bronze,1,us
1151,310271,Bronze,1,us
1152,311252,Bronze,1,us
1153,311081,Bronze,1,us
1154,309767,Bronze,1,us
1155,309669,Bronze,1,us
1156,309542,Bronze,1,us
1157,310097,Bronze,1,us
1158,309869,Bronze,1,us
1159,310481,Bronze,1,us
1160,310338,Bronze,1,us
1161,311431,Bronze,1,us
1162,311005,Bronze,1,us
1163,311266,Bronze,1,us
1164,310653,Bronze,1,us
1165,310233,Bronze,1,us
1166,309557,Bronze,1,us
1167,310054,Bronze,1,us
1168,309980,Bronze,1,us
1169,310348,Bronze,1,us
1170,310211,Bronze,1,us
1171,310968,Bronze,1,us
1172,311275,Bronze,1,us
1173,311339,Bronze,1,us
1174,311054,Bronze,1,us
1175,309745,Bronze,1,us
1176,309611,Bronze,1,us
1177,309523,Bronze,1,us
1178,310176,Bronze,1,us
1179,310068,Bronze,1,us
1180,309946,Bronze,1,us
1181,309853,Bronze,1,us
1182,310573,Bronze,1,us
1183,310312,Bronze,1,us
1184,310221,Bronze,1,us
1185,310976,Bronze,1,us
1186,310823,Bronze,1,us
1187,310626,Bronze,1,us
1188,311297,Bronze,1,us
1189,311071,Bronze,1,us
1190,309793,Bronze,1,us
1191,309625,Bronze,1,us
1192,309530,Bronze,1,us
1193,310138,Bronze,1,us
1194,309863,Bronze,1,us
1195,309834,Bronze,1,us
1196,310519,Bronze,1,us
1197,310435,Bronze,1,us
1198,310321,Bronze,1,us
1199,310189,Bronze,1,us
1200,310729,Bronze,1,us
1201,310835,Bronze,1,us
1202,311309,Bronze,1,us
1203,309727,Bronze,1,us
1204,309503,Bronze,1,us
1205,310151,Bronze,1,us
1206,310043,Bronze,1,us
1207,309916,Bronze,1,us
1208,309846,Bronze,1,us
1209,310397,Bronze,1,us
1210,310204,Bronze,1,us
1211,311316,Bronze,1,us
1212,311096,Bronze,1,us
1213,310705,Bronze,1,us
1214,310956,Bronze,1,us
1215,310792,Bronze,1,us
1216,309775,Bronze,1,us
1217,309683,Bronze,1,us
1218,309513,Bronze,1,us
1219,310110,Bronze,1,us
1220,310028,Bronze,1,us
1221,311331,Bronze,1,us
1222,310934,Bronze,1,us
1223,311043,Bronze,1,us
1224,310663,Bronze,1,us
1225,310803,Bronze,1,us
1226,311408,Bronze,1,us
1227,311118,Bronze,1,us
1228,309785,Bronze,1,us
1229,310116,Bronze,1,us
1230,309993,Bronze,1,us
1231,309823,Bronze,1,us
1232,310508,Bronze,1,us
1233,310357,Bronze,1,us
1234,310282,Bronze,1,us
1235,311286,Bronze,1,us
1236,310886,Bronze,1,us
1237,310674,Bronze,1,us
1238,311034,Bronze,1,us
1239,310773,Bronze,1,us
1240,311353,Bronze,1,us
1241,311129,Bronze,1,us
1242,311454,Bronze,1,us
1243,311468,Bronze,1,us
1244,311477,Bronze,1,us
1245,311489,Bronze,1,us
1246,311502,Bronze,1,us
1247,309747,Bronze,2,us
1248,309680,Bronze,2,us
1249,310577,Bronze,2,us
1250,311306,Bronze,2,us
1251,310991,Bronze,2,us
1252,309762,Bronze,2,us
1253,309539,Bronze,2,us
1254,310095,Bronze,2,us
1255,310064,Bronze,2,us
1256,311001,Bronze,2,us
1257,310971,Bronze,2,us
1258,309549,Bronze,2,us
1259,309529,Bronze,2,us
1260,310076,Bronze,2,us
1261,309855,Bronze,2,us
1262,310345,Bronze,2,us
1263,310316,Bronze,2,us
1264,310207,Bronze,2,us
1265,309942,Bronze,2,us
1266,309868,Bronze,2,us
1267,310330,Bronze,2,us
1268,310220,Bronze,2,us
1269,311348,Bronze,2,us
1270,310813,Bronze,2,us
1271,311119,Bronze,2,us
1272,311190,Bronze,2,us
1273,309792,Bronze,2,us
1274,309728,Bronze,2,us
1275,309616,Bronze,2,us
1276,309512,Bronze,2,us
1277,310044,Bronze,2,us
1278,309829,Bronze,2,us
1279,310177,Bronze,2,us
1280,311369,Bronze,2,us
1281,310831,Bronze,2,us
1282,310797,Bronze,2,us
1283,310958,Bronze,2,us
1284,311432,Bronze,2,us
1285,311272,Bronze,2,us
1286,309521,Bronze,2,us
1287,310147,Bronze,2,us
1288,310113,Bronze,2,us
1289,309843,Bronze,2,us
1290,310389,Bronze,2,us
1291,311217,Bronze,2,us
1292,310195,Bronze,2,us
1293,311285,Bronze,2,us
1294,309772,Bronze,2,us
1295,310125,Bronze,2,us
1296,310517,Bronze,2,us
1297,310360,Bronze,2,us
1298,311037,Bronze,2,us
1299,310776,Bronze,2,us
1300,310657,Bronze,2,us
1301,309784,Bronze,2,us
1302,309574,Bronze,2,us
1303,309986,Bronze,2,us
1304,309907,Bronze,2,us
1305,311412,Bronze,2,us
1306,310672,Bronze,2,us
1307,310635,Bronze,2,us
1308,310001,Bronze,2,us
1309,309969,Bronze,2,us
1310,310594,Bronze,2,us
1311,310890,Bronze,2,us
1312,310742,Bronze,2,us
1313,310854,Bronze,2,us
1314,311328,Bronze,2,us
1315,311098,Bronze,2,us
1316,309738,Bronze,2,us
1317,309631,Bronze,2,us
1318,309403,Bronze,2,us
1319,310163,Bronze,2,us
1320,309881,Bronze,2,us
1321,310551,Bronze,2,us
1322,310439,Bronze,2,us
1323,310247,Bronze,2,us
1324,310759,Bronze,2,us
1325,310868,Bronze,2,us
1326,310613,Bronze,2,us
1327,309643,Bronze,2,us
1328,310456,Bronze,2,us
1329,310425,Bronze,2,us
1330,311232,Bronze,2,us
1331,310715,Bronze,2,us
1332,309718,Bronze,2,us
1333,310030,Bronze,2,us
1334,309956,Bronze,2,us
1335,310936,Bronze,2,us
1336,311245,Bronze,2,us
1337,310690,Bronze,2,us
1338,311080,Bronze,2,us
1339,311146,Bronze,2,us
1340,309805,Bronze,2,us
1341,309590,Bronze,2,us
1342,310010,Bronze,2,us
1343,310536,Bronze,2,us
1344,310285,Bronze,2,us
1345,310910,Bronze,2,us
1346,311387,Bronze,2,us
1347,311169,Bronze,2,us
1348,309604,Bronze,2,us
1349,309484,Bronze,2,us
1350,309928,Bronze,2,us
1351,309813,Bronze,2,us
1352,310498,Bronze,2,us
1353,310410,Bronze,2,us
1354,310300,Bronze,2,us
1355,310269,Bronze,2,us
1356,311014,Bronze,2,us
1357,309698,Bronze,2,us
1358,309663,Bronze,2,us
1359,309562,Bronze,2,us
1360,309501,Bronze,2,us
1361,309891,Bronze,2,us
1362,310479,Bronze,2,us
1363,311058,Bronze,2,us
1364,311462,Bronze,2,us
1365,311480,Bronze,2,us
1366,311503,Bronze,2,us
1367,309408,Bronze,3,us
1368,310790,Bronze,3,us
1369,310219,Silver,1,us
1370,310137,Silver,1,us
1371,310046,Silver,1,us
1372,310018,Silver,1,us
1373,310665,Silver,1,us
1374,310599,Silver,1,us
1375,310502,Silver,1,us
1376,310380,Silver,1,us
1377,310939,Silver,1,us
1378,311115,Silver,1,us
1379,310817,Silver,1,us
1380,311429,Silver,1,us
1381,310841,Silver,1,us
1382,311276,Silver,1,us
1383,311161,Silver,1,us
1384,309864,Silver,1,us
1385,309407,Silver,1,us
1386,310240,Silver,1,us
1387,310203,Silver,1,us
1388,310564,Silver,1,us
1389,310467,Silver,1,us
1390,310391,Silver,1,us
1391,311020,Silver,1,us
1392,311283,Silver,1,us
1393,310997,Silver,1,us
1394,311439,Silver,1,us
1395,311175,Silver,1,us
1396,309601,Silver,1,us
1397,310111,Silver,1,us
1398,310648,Silver,1,us
1399,310480,Silver,1,us
1400,310453,Silver,1,us
1401,311298,Silver,1,us
1402,310911,Silver,1,us
1403,311004,Silver,1,us
1404,310693,Silver,1,us
1405,311091,Silver,1,us
1406,310794,Silver,1,us
1407,311346,Silver,1,us
1408,309838,Silver,1,us
1409,309804,Silver,1,us
1410,309686,Silver,1,us
1411,310310,Silver,1,us
1412,310178,Silver,1,us
1413,310659,Silver,1,us
1414,310632,Silver,1,us
1415,310539,Silver,1,us
1416,310354,Silver,1,us
1417,311268,Silver,1,us
1418,310973,Silver,1,us
1419,310703,Silver,1,us
1420,310805,Silver,1,us
1421,311157,Silver,1,us
1422,309824,Silver,1,us
1423,309533,Silver,1,us
1424,310088,Silver,1,us
1425,310062,Silver,1,us
1426,309962,Silver,1,us
1427,310318,Silver,1,us
1428,310889,Silver,1,us
1429,310863,Silver,1,us
1430,311321,Silver,1,us
1431,309908,Silver,1,us
1432,309782,Silver,1,us
1433,309544,Silver,1,us
1434,310283,Silver,1,us
1435,310252,Silver,1,us
1436,310150,Silver,1,us
1437,310075,Silver,1,us
1438,310611,Silver,1,us
1439,310440,Silver,1,us
1440,311332,Silver,1,us
1441,311036,Silver,1,us
1442,311171,Silver,1,us
1443,310876,Silver,1,us
1444,310326,Silver,1,us
1445,310949,Silver,1,us
1446,310775,Silver,1,us
1447,311378,Silver,1,us
1448,311216,Silver,1,us
1449,311413,Silver,1,us
1450,309621,Silver,1,us
1451,309496,Silver,1,us
1452,310274,Silver,1,us
1453,310038,Silver,1,us
1454,310520,Silver,1,us
1455,310493,Silver,1,us
1456,311336,Silver,1,us
1457,311045,Silver,1,us
1458,311136,Silver,1,us
1459,310834,Silver,1,us
1460,311181,Silver,1,us
1461,311424,Silver,1,us
1462,309884,Silver,1,us
1463,309750,Silver,1,us
1464,309639,Silver,1,us
1465,310230,Silver,1,us
1466,310129,Silver,1,us
1467,310677,Silver,1,us
1468,310580,Silver,1,us
1469,310506,Silver,1,us
1470,311010,Silver,1,us
1471,310923,Silver,1,us
1472,311151,Silver,1,us
1473,310754,Silver,1,us
1474,310724,Silver,1,us
1475,310413,Silver,1,us
1476,311354,Silver,1,us
1477,311192,Silver,1,us
1478,311075,Silver,1,us
1479,311390,Silver,1,us
1480,309872,Silver,1,us
1481,309766,Silver,1,us
1482,309583,Silver,1,us
1483,310007,Silver,1,us
1484,310684,Silver,1,us
1485,310588,Silver,1,us
1486,311314,Silver,1,us
1487,311025,Silver,1,us
1488,311198,Silver,1,us
1489,310811,Silver,1,us
1490,310899,Silver,1,us
1491,310733,Silver,1,us
1492,310368,Silver,1,us
1493,311247,Silver,1,us
1494,311407,Silver,1,us
1495,309725,Silver,1,us
1496,310305,Silver,1,us
1497,310117,Silver,1,us
1498,310553,Silver,1,us
1499,310484,Silver,1,us
1500,311374,Silver,1,us
1501,310989,Silver,1,us
1502,310343,Silver,1,us
1503,311208,Silver,1,us
1504,311258,Silver,1,us
1505,311057,Silver,1,us
1506,309850,Silver,1,us
1507,309737,Silver,1,us
1508,309705,Silver,1,us
1509,310210,Silver,1,us
1510,309987,Silver,1,us
1511,310574,Silver,1,us
1512,311384,Silver,1,us
1513,310884,Silver,1,us
1514,310713,Silver,1,us
1515,311223,Silver,1,us
1516,309566,Silver,1,us
1517,310101,Silver,1,us
1518,309999,Silver,1,us
1519,310625,Silver,1,us
1520,310549,Silver,1,us
1521,310455,Silver,1,us
1522,310966,Silver,1,us
1523,310768,Silver,1,us
1524,310892,Silver,1,us
1525,311065,Silver,1,us
1526,311233,Silver,1,us
1527,311124,Silver,1,us
1528,309924,Silver,1,us
1529,309814,Silver,1,us
1530,309660,Silver,1,us
1531,310294,Silver,1,us
1532,310190,Silver,1,us
1533,310157,Silver,1,us
1534,309974,Silver,1,us
1535,310645,Silver,1,us
1536,310423,Silver,1,us
1537,310333,Silver,1,us
1538,311238,Silver,1,us
1539,310959,Silver,1,us
1540,311083,Silver,1,us
1541,310780,Silver,1,us
1542,310980,Silver,1,us
1543,311401,Silver,1,us
1544,310856,Silver,1,us
1545,311366,Silver,1,us
1546,311294,Silver,1,us
1547,311130,Silver,1,us
1548,310170,Silver,1,us
1549,310069,Silver,1,us
1550,309941,Silver,1,us
1551,310608,Silver,1,us
1552,310526,Silver,1,us
1553,310433,Silver,1,us
1554,310401,Silver,1,us
1555,311049,Silver,1,us
1556,310749,Silver,1,us
1557,311307,Silver,1,us
1558,311099,Silver,1,us
1559,309892,Silver,1,us
1560,309794,Silver,1,us
1561,309518,Silver,1,us
1562,310264,Silver,1,us
1563,310032,Silver,1,us
1564,309952,Silver,1,us
1565,310929,Silver,1,us
1566,310760,Silver,1,us
1567,310825,Silver,1,us
1568,311106,Silver,1,us
1569,311450,Silver,1,us
1570,311456,Silver,1,us
1571,311467,Silver,1,us
1572,311475,Silver,1,us
1573,311483,Silver,1,us
1574,311487,Silver,1,us
1575,311500,Silver,1,us
1576,309858,Silver,2,us
1577,309773,Silver,2,us
1578,311231,Silver,2,us
1579,311008,Silver,2,us
1580,310896,Silver,2,us
1581,310730,Silver,2,us
1582,311125,Silver,2,us
1583,310822,Silver,2,us
1584,311334,Silver,2,us
1585,309825,Silver,2,us
1586,309743,Silver,2,us
1587,310301,Silver,2,us
1588,310216,Silver,2,us
1589,310579,Silver,2,us
1590,309576,Silver,2,us
1591,310000,Silver,2,us
1592,310462,Silver,2,us
1593,309901,Silver,2,us
1594,310277,Silver,2,us
1595,310192,Silver,2,us
1596,310646,Silver,2,us
1597,310546,Silver,2,us
1598,310432,Silver,2,us
1599,311274,Silver,2,us
1600,310762,Silver,2,us
1601,310986,Silver,2,us
1602,311160,Silver,2,us
1603,311207,Silver,2,us
1604,309650,Silver,2,us
1605,309966,Silver,2,us
1606,309800,Silver,2,us
1607,310168,Silver,2,us
1608,309932,Silver,2,us
1609,310396,Silver,2,us
1610,310051,Silver,2,us
1611,311308,Silver,2,us
1612,310848,Silver,2,us
1613,310135,Silver,2,us
1614,310109,Silver,2,us
1615,310933,Silver,2,us
1616,311372,Silver,2,us
1617,311088,Silver,2,us
1618,309406,Silver,2,us
1619,310022,Silver,2,us
1620,310696,Silver,2,us
1621,309552,Silver,2,us
1622,310080,Silver,2,us
1623,310662,Silver,2,us
1624,310365,Silver,2,us
1625,311180,Silver,2,us
1626,311420,Silver,2,us
1627,311063,Silver,2,us
1628,309723,Silver,2,us
1629,310323,Silver,2,us
1630,310795,Silver,2,us
1631,311389,Silver,2,us
1632,311437,Silver,2,us
1633,309528,Silver,2,us
1634,310515,Silver,2,us
1635,309879,Silver,2,us
1636,309685,Silver,2,us
1637,309506,Silver,2,us
1638,310246,Silver,2,us
1639,311249,Silver,2,us
1640,310963,Silver,2,us
1641,310875,Silver,2,us
1642,309614,Silver,2,us
1643,310618,Silver,2,us
1644,310485,Silver,2,us
1645,311038,Silver,2,us
1646,311473,Silver,2,us
1647,311497,Silver,2,us
1648,309634,Silver,3,us
1649,309401,Silver,3,us
1650,310716,Silver,3,us
1651,309730,Silver,3,us
1652,309582,Silver,3,us
1653,310108,Silver,3,us
1654,310023,Silver,3,us
1655,310681,Silver,3,us
1656,309559,Silver,3,us
1657,309997,Silver,3,us
1658,310341,Silver,3,us
1659,311141,Silver,3,us
1660,310077,Silver,3,us
1661,310880,Silver,3,us
1662,311103,Silver,3,us
1663,311310,Silver,3,us
1664,309707,Silver,3,us
1665,310510,Silver,3,us
1666,309878,Silver,3,us
1667,309665,Silver,3,us
1668,310621,Silver,3,us
1669,310960,Silver,3,us
1670,310748,Silver,3,us
1671,311386,Silver,3,us
1672,309859,Silver,3,us
1673,309510,Silver,3,us
1674,309945,Silver,3,us
1675,310242,Silver,3,us
1676,310478,Silver,3,us
1677,309826,Silver,3,us
1678,309605,Silver,3,us
1679,310202,Silver,3,us
1680,310650,Silver,3,us
1681,310386,Silver,3,us
1682,310821,Silver,3,us
1683,310912,Silver,3,us
1684,311411,Silver,3,us
1685,310313,Silver,3,us
1686,310542,Silver,3,us
1687,310446,Silver,3,us
1688,310999,Silver,3,us
1689,310785,Silver,3,us
1690,309903,Silver,3,us
1691,309802,Silver,3,us
1692,310280,Silver,3,us
1693,310172,Silver,3,us
1694,309963,Silver,3,us
1695,311351,Silver,3,us
1696,311182,Silver,3,us
1697,310053,Silver,3,us
1698,309780,Silver,3,us
1699,309536,Silver,3,us
1700,311026,Silver,3,us
1701,309752,Silver,3,us
1702,310134,Silver,3,us
1703,310583,Silver,3,us
1704,310418,Silver,3,us
1705,311220,Silver,3,us
1706,311060,Silver,3,us
1707,311273,Silver,3,us
1708,311455,Silver,3,us
1709,311491,Silver,3,us
1710,310738,Gold,1,us
1711,310464,Gold,1,us
1712,311219,Gold,1,us
1713,310927,Gold,1,us
1714,309479,Gold,1,us
1715,310226,Gold,1,us
1716,309919,Gold,1,us
1717,311381,Gold,1,us
1718,311011,Platinum,1,us
1719,310566,Platinum,1,us
1720,310039,Platinum,1,us
1721,309410,Platinum,1,us
1722,311291,Platinum,1,us
1723,310842,Platinum,1,us
1724,310293,Platinum,1,us
1725,309678,Platinum,1,us
1726,311110,Platinum,1,us
1727,310525,Platinum,1,us
1728,309910,Platinum,1,us
1729,311394,Platinum,1,us
1730,310814,Platinum,1,us
1731,310133,Platinum,1,us
1732,309641,Platinum,1,us
1733,311077,Platinum,1,us
1734,310383,Platinum,1,us
1735,309882,Platinum,1,us
1736,309502,Platinum,1,us
1737,311356,Platinum,1,us
1738,310628,Platinum,1,us
1739,310099,Platinum,1,us
1740,309741,Platinum,1,us
1741,310914,Platinum,1,us
1742,310347,Platinum,1,us
1743,309968,Platinum,1,us
1744,311183,Platinum,1,us
1745,310598,Platinum,1,us
1746,310199,Platinum,1,us
1747,309715,Platinum,1,us
1748,309554,Platinum,1,us
1749,310888,Platinum,1,us
1750,310449,Platinum,1,us
1751,309943,Platinum,1,us
1752,309796,Platinum,1,us
1753,311150,Platinum,1,us
1754,310702,Platinum,1,us
1755,310165,Platinum,1,us
1756,310013,Platinum,1,us
1757,309525,Platinum,1,us
1758,311418,Platinum,1,us
1759,310985,Platinum,1,us
1760,310416,Platinum,1,us
1761,310262,Platinum,1,us
1762,309769,Platinum,1,us
1763,311251,Platinum,1,us
1764,310668,Platinum,1,us
1765,310496,Platinum,1,us
1766,309994,Platinum,1,us
1767,309620,Platinum,1,us
1768,310955,Platinum,1,us
1769,310779,Platinum,1,us
1770,310227,Platinum,1,us
1771,309852,Platinum,1,us
1772,311214,Platinum,1,us
1773,311041,Platinum,1,us
1774,310469,Platinum,1,us
1775,310073,Platinum,1,us
1776,309588,Platinum,1,us
1777,311322,Platinum,1,us
1778,310750,Platinum,1,us
1779,310324,Platinum,1,us
1780,309818,Platinum,1,us
1781,311460,Platinum,1,us
1782,311481,Platinum,1,us
1783,309482,Platinum,2,us
1784,309593,Diamond,1,us
1785,309981,Diamond,1,us
1786,310600,Diamond,1,us
1787,310475,Diamond,1,us
1788,311148,Diamond,1,us
1789,309798,Diamond,1,us
1790,309555,Diamond,1,us
1791,309411,Diamond,1,us
1792,310556,Diamond,1,us
1793,310430,Diamond,1,us
1794,310895,Diamond,1,us
1795,309770,Diamond,1,us
1796,310234,Diamond,1,us
1797,310159,Diamond,1,us
1798,310048,Diamond,1,us
1799,310673,Diamond,1,us
1800,310640,Diamond,1,us
1801,311278,Diamond,1,us
1802,310128,Diamond,1,us
1803,310392,Diamond,1,us
1804,311100,Diamond,1,us
1805,310979,Diamond,1,us
1806,310940,Diamond,1,us
1807,310809,Diamond,1,us
1808,309527,Diamond,1,us
1809,310196,Diamond,1,us
1810,310087,Diamond,1,us
1811,311176,Diamond,1,us
1812,311365,Diamond,1,us
1813,310344,Diamond,1,us
1814,311327,Diamond,1,us
1815,309871,Diamond,1,us
1816,310757,Diamond,1,us
1817,309713,Diamond,1,us
1818,309939,Diamond,1,us
1819,310714,Diamond,1,us
1820,311410,Diamond,1,us
1821,309668,Diamond,1,us
1822,311015,Diamond,1,us
1823,310025,Diamond,1,us
1824,310311,Diamond,1,us
1825,311224,Diamond,1,us
1826,310279,Diamond,1,us
1827,310861,Diamond,1,us
1828,309904,Diamond,1,us
1829,311056,Diamond,1,us
1830,309627,Diamond,1,us
1831,310514,Diamond,1,us
1832,309835,Diamond,1,us
1833,309731,Diamond,1,us
1834,309500,Diamond,1,us
1835,311465,Diamond,1,us
1836,309404,Diamond,2,us
1837,310081,Diamond,2,us
1838,310687,Diamond,2,us
1839,310322,Diamond,2,us
1840,311042,Diamond,2,us
1841,311289,Diamond,2,us
1842,311362,Diamond,2,us
1843,309672,Diamond,2,us
1844,310141,Diamond,2,us
1845,310040,Diamond,2,us
1846,309960,Diamond,2,us
1847,310340,Diamond,2,us
1848,311122,Diamond,2,us
1849,310993,Diamond,2,us
1850,309532,Diamond,2,us
1851,309914,Diamond,2,us
1852,310661,Diamond,2,us
1853,310568,Diamond,2,us
1854,310452,Diamond,2,us
1855,311259,Diamond,2,us
1856,310717,Diamond,2,us
1857,309777,Diamond,2,us
1858,309553,Diamond,2,us
1859,310121,Diamond,2,us
1860,310024,Diamond,2,us
1861,309938,Diamond,2,us
1862,310967,Diamond,2,us
1863,309765,Diamond,2,us
1864,309517,Diamond,2,us
1865,310003,Diamond,2,us
1866,310228,Diamond,2,us
1867,310612,Diamond,2,us
1868,310395,Diamond,2,us
1869,310281,Diamond,2,us
1870,310824,Diamond,2,us
1871,309622,Diamond,2,us
1872,310205,Diamond,2,us
1873,310102,Diamond,2,us
1874,309866,Diamond,2,us
1875,310474,Diamond,2,us
1876,311391,Diamond,2,us
1877,309797,Diamond,2,us
1878,309704,Diamond,2,us
1879,309598,Diamond,2,us
1880,309497,Diamond,2,us
1881,310162,Diamond,2,us
1882,310067,Diamond,2,us
1883,309985,Diamond,2,us
1884,311153,Diamond,2,us
1885,311337,Diamond,2,us
1886,310931,Diamond,2,us
1887,310800,Diamond,2,us
1888,311017,Diamond,2,us
1889,311228,Diamond,2,us
1890,310877,Diamond,2,us
1891,310770,Diamond,2,us
1892,309570,Diamond,2,us
1893,310304,Diamond,2,us
1894,311416,Diamond,2,us
1895,309642,Diamond,2,us
1896,310260,Diamond,2,us
1897,310518,Diamond,2,us
1898,310849,Diamond,2,us
1899,310744,Diamond,2,us
1900,311443,Diamond,2,us
1901,309842,Diamond,2,us
1902,309736,Diamond,2,us
1903,309890,Diamond,2,us
1904,310637,Diamond,2,us
1905,310541,Diamond,2,us
1906,310424,Diamond,2,us
1907,310497,Diamond,2,us
1908,311095,Diamond,2,us
1909,311315,Diamond,2,us
1910,309815,Diamond,2,us
1911,309721,Diamond,2,us
1912,310184,Diamond,2,us
1913,311068,Diamond,2,us
1914,311200,Diamond,2,us
1915,310586,Diamond,2,us
1916,310372,Diamond,2,us
1917,311177,Diamond,2,us
1918,310897,Diamond,2,us
1919,311464,Diamond,2,us
1920,311486,Diamond,2,us
1921,309791,Diamond,3,us
1922,309720,Diamond,3,us
1923,310160,Diamond,3,us
1924,309944,Diamond,3,us
1925,310883,Diamond,3,us
1926,310755,Diamond,3,us
1927,310924,Diamond,3,us
1928,310171,Diamond,3,us
1929,310708,Diamond,3,us
1930,311155,Diamond,3,us
1931,311313,Diamond,3,us
1932,310767,Diamond,3,us
1933,311370,Diamond,3,us
1934,309689,Diamond,3,us
1935,309567,Diamond,3,us
1936,310422,Diamond,3,us
1937,310296,Diamond,3,us
1938,311137,Diamond,3,us
1939,311012,Diamond,3,us
1940,310853,Diamond,3,us
1941,311329,Diamond,3,us
1942,309746,Diamond,3,us
1943,309632,Diamond,3,us
1944,310257,Diamond,3,us
1945,310516,Diamond,3,us
1946,310429,Diamond,3,us
1947,310309,Diamond,3,us
1948,311094,Diamond,3,us
1949,310740,Diamond,3,us
1950,310866,Diamond,3,us
1951,311338,Diamond,3,us
1952,309837,Diamond,3,us
1953,309644,Diamond,3,us
1954,310208,Diamond,3,us
1955,310029,Diamond,3,us
1956,309889,Diamond,3,us
1957,310654,Diamond,3,us
1958,310533,Diamond,3,us
1959,310268,Diamond,3,us
1960,311355,Diamond,3,us
1961,311414,Diamond,3,us
1962,309849,Diamond,3,us
1963,309729,Diamond,3,us
1964,309608,Diamond,3,us
1965,310017,Diamond,3,us
1966,309897,Diamond,3,us
1967,310494,Diamond,3,us
1968,310962,Diamond,3,us
1969,311051,Diamond,3,us
1970,311426,Diamond,3,us
1971,309811,Diamond,3,us
1972,309734,Diamond,3,us
1973,309591,Diamond,3,us
1974,309480,Diamond,3,us
1975,309976,Diamond,3,us
1976,310630,Diamond,3,us
1977,310503,Diamond,3,us
1978,311188,Diamond,3,us
1979,310902,Diamond,3,us
1980,311066,Diamond,3,us
1981,310777,Diamond,3,us
1982,309822,Diamond,3,us
1983,310691,Diamond,3,us
1984,310575,Diamond,3,us
1985,310482,Diamond,3,us
1986,310361,Diamond,3,us
1987,311404,Diamond,3,us
1988,309803,Diamond,3,us
1989,309556,Diamond,3,us
1990,310180,Diamond,3,us
1991,310079,Diamond,3,us
1992,310045,Diamond,3,us
1993,310587,Diamond,3,us
1994,310443,Diamond,3,us
1995,310319,Diamond,3,us
1996,311166,Diamond,3,us
1997,311039,Diamond,3,us
1998,311000,Diamond,3,us
1999,311250,Diamond,3,us
2000,309771,Diamond,3,us
2001,309405,Diamond,3,us
2002,310243,Diamond,3,us
2003,310136,Diamond,3,us
2004,310059,Diamond,3,us
2005,309954,Diamond,3,us
2006,310667,Diamond,3,us
2007,310545,Diamond,3,us
2008,310454,Diamond,3,us
2009,310335,Diamond,3,us
2010,311112,Diamond,3,us
2011,310891,Diamond,3,us
2012,310722,Diamond,3,us
2013,311202,Diamond,3,us
2014,309783,Diamond,3,us
2015,309675,Diamond,3,us
2016,309531,Diamond,3,us
2017,310148,Diamond,3,us
2018,309913,Diamond,3,us
2019,310680,Diamond,3,us
2020,310558,Diamond,3,us
2021,310406,Diamond,3,us
2022,311123,Diamond,3,us
2023,311379,Diamond,3,us
2024,310970,Diamond,3,us
2025,309661,Diamond,3,us
2026,309540,Diamond,3,us
2027,310217,Diamond,3,us
2028,310114,Diamond,3,us
2029,310036,Diamond,3,us
2030,309929,Diamond,3,us
2031,311078,Diamond,3,us
2032,311395,Diamond,3,us
2033,310819,Diamond,3,us
2034,310982,Diamond,3,us
2035,311225,Diamond,3,us
2036,311299,Diamond,3,us
2037,309861,Diamond,3,us
2038,309761,Diamond,3,us
2039,309618,Diamond,3,us
2040,309508,Diamond,3,us
2041,310231,Diamond,3,us
2042,310122,Diamond,3,us
2043,310090,Diamond,3,us
2044,309992,Diamond,3,us
2045,310644,Diamond,3,us
2046,310378,Diamond,3,us
2047,310284,Diamond,3,us
2048,311235,Diamond,3,us
2049,310833,Diamond,3,us
2050,310938,Diamond,3,us
2051,309519,Diamond,3,us
2052,309493,Diamond,3,us
2053,310106,Diamond,3,us
2054,310004,Diamond,3,us
2055,309867,Diamond,3,us
2056,310606,Diamond,3,us
2057,310393,Diamond,3,us
2058,310346,Diamond,3,us
2059,311174,Diamond,3,us
2060,310793,Diamond,3,us
2061,310941,Diamond,3,us
2062,311267,Diamond,3,us
2063,309706,Diamond,3,us
2064,309575,Diamond,3,us
2065,310197,Diamond,3,us
2066,310070,Diamond,3,us
2067,309964,Diamond,3,us
2068,309877,Diamond,3,us
2069,310616,Diamond,3,us
2070,310470,Diamond,3,us
2071,311442,Diamond,3,us
2072,311027,Diamond,3,us
2073,311213,Diamond,3,us
2074,310806,Diamond,3,us
2075,311281,Diamond,3,us
2076,311453,Diamond,3,us
2077,311470,Diamond,3,us
2078,311479,Diamond,3,us
2079,311488,Diamond,3,us
2080,311505,Diamond,3,us
2081,310905,Masters,1,us
2082,309534,Masters,1,us
2083,310615,Masters,1,us
2084,309888,Masters,1,us
2085,309600,Masters,1,us
2086,311400,Masters,1,us
2087,309817,Masters,1,us
2088,309409,Masters,1,us
2089,310317,Masters,1,us
2090,310709,Masters,1,us
2091,309967,Masters,1,us
2092,311101,Masters,1,us
2093,309742,Masters,1,us
2094,311303,Masters,1,us
2095,310419,Masters,1,us
2096,310065,Masters,1,us
2097,310801,Masters,1,us
2098,311206,Masters,1,us
2099,311006,Masters,1,us
2100,309676,Masters,1,us
2101,310489,Masters,1,us
2102,311476,Masters,1,us
2103,311342,Masters,2,us
2104,310688,Masters,2,us
2105,309764,Masters,2,us
2106,311009,Masters,2,us
2107,309423,Masters,2,us
2108,310349,Masters,2,us
2109,309991,Masters,2,us
2110,310273,Masters,3,us
2111,309670,Masters,3,us
2112,309400,Masters,3,us
2113,311024,Masters,3,us
2114,310124,Masters,3,us
2115,309606,Masters,3,us
2116,309692,Masters,3,us
2117,309526,Masters,3,us
2118,309682,Masters,3,us
2119,309546,Masters,3,us
2120,310725,Masters,3,us
2121,309633,Masters,3,us
2122,311173,Masters,3,us
2123,309708,Masters,3,us
2124,309537,Masters,3,us
2125,309494,Masters,3,us
2126,309619,Masters,3,us
2127,309569,Masters,3,us
2128,310434,Masters,3,us
2129,309700,Masters,3,us
2130,309656,Masters,3,us
2131,309481,Masters,3,us
2132,310898,Masters,3,us
2133,309965,Masters,3,us
2134,309558,Masters,3,us
2135,309640,Masters,3,us
2136,309516,Masters,3,us
2137,310567,Masters,3,us
2138,309716,Masters,3,us
2139,309596,Masters,3,us
2140,309507,Masters,3,us
2141,311359,Masters,3,us
2142,309768,Masters,3,us
2143,309586,Masters,3,us
2144,311501,Masters,3,us
2145,310096,Grandmaster,1,us
2146,78338,Bronze,1,kr
2147,78238,Bronze,1,kr
2148,78281,Bronze,2,kr
2149,78254,Bronze,3,kr
2150,78307,Silver,1,kr
2151,78332,Silver,1,kr
2152,78242,Silver,1,kr
2153,78316,Silver,2,kr
2154,78247,Silver,2,kr
2155,78339,Silver,2,kr
2156,78328,Silver,3,kr
2157,78239,Silver,3,kr
2158,78321,Gold,1,kr
2159,78241,Gold,1,kr
2160,78341,Gold,1,kr
2161,78313,Gold,2,kr
2162,78334,Gold,2,kr
2163,78244,Gold,2,kr
2164,78318,Gold,3,kr
2165,78243,Gold,3,kr
2166,78342,Gold,3,kr
2167,78322,Platinum,1,kr
2168,78246,Platinum,1,kr
2169,78345,Platinum,1,kr
2170,78317,Platinum,2,kr
2171,78236,Platinum,2,kr
2172,78337,Platinum,2,kr
2173,78308,Platinum,3,kr
2174,78330,Platinum,3,kr
2175,78237,Platinum,3,kr
2176,78312,Diamond,1,kr
2177,78343,Diamond,1,kr
2178,78245,Diamond,1,kr
2179,78310,Diamond,2,kr
2180,78240,Diamond,2,kr
2181,78331,Diamond,2,kr
2182,78344,Diamond,2,kr
2183,78249,Diamond,3,kr
2184,78347,Diamond,3,kr
2185,78301,Diamond,3,kr
2186,78311,Diamond,3,kr
2187,78324,Diamond,3,kr
2188,78336,Diamond,3,kr
2189,78250,Masters,1,kr
2190,78248,Masters,2,kr
2191,78350,Masters,3,kr
2192,78263,Masters,3,kr
